Pollutant:,CO,Unit: grams,,,,,,,,,,,,,,,,,,,,,,,,,,,,,,,,,,
,2015.0,2016.0,2017.0,2018.0,2019.0,2020.0,2021.0,2022.0,2023.0,2024.0,2025.0,2026.0,2027.0,2028.0,2029.0,2030.0,2031.0,2032.0,2033.0,2034.0,2035.0,2036.0,2037.0,2038.0,2039.0,2040.0,2041.0,2042.0,2043.0,2044.0,2045.0,2046.0,2047.0,2048.0,2049.0,2050.0
agriculture and forestry 01T03,0.0,0.0,0.0,0.0,0.0,31576.6081871345,31794.152046783624,32011.361737677526,33851.61854768154,34565.41479288211,34930.19977142062,35215.232365701166,35492.59953565822,35742.53633807094,36018.17721432022,36289.377116261916,36223.68971685994,36245.69781430201,36091.83310387485,36025.809856023254,35948.81721519125,35919.37667083442,35878.121944045124,35879.777643959416,35879.68902793593,35878.33120674409,35864.62453376407,35916.1099800144,35952.86655369803,36006.223346267485,36102.214470640174,36409.40940601568,36721.13502610989,37042.572239803965,37320.01288789457,37606.34890323209
coal mining 05,0.0,0.0,0.0,0.0,0.0,6414749733.333333,6530751266.666666,6602585496.688742,7403701882.625157,6617376312.321848,6929561032.600198,7935123234.874824,8329661814.77365,9046428592.85693,9856642228.594326,10192369923.632849,10268336565.185883,9985687935.1241,9962179336.662462,10046847360.635809,9843197182.908709,9805742615.963923,9923770680.538956,10010128099.348875,10274354506.000435,10055240163.94555,9844970289.5449,9640414917.589975,9643689298.144741,9858645390.99467,9913213464.26467,9980763641.867098,10149976156.055586,10234486173.840624,10262578459.046835,10219951737.856625
oil and gas extraction 06,0.0,0.0,0.0,0.0,0.0,21524974368.56128,21913763568.82771,20763134707.317074,20830907237.664474,22540754038.861813,22930014291.393764,22134093116.146805,22573149581.36769,23281920386.29772,23783915632.198112,24431442765.145164,24893536947.20057,25273327633.201828,25452066795.184177,25522185390.055393,25703057443.17882,25670492590.074017,25729966505.328266,25827364943.251892,25850438855.396286,26277398776.011932,26374351796.400238,26607261978.287605,26670574248.23326,26786818088.0551,26982397168.47951,27199473468.821064,27298416128.166576,27187674466.05983,27311680137.117664,27558081444.150555
other mining and quarrying 07T08,0.0,0.0,0.0,0.0,0.0,0.0,0.0,0.0,0.0,0.0,0.0,0.0,0.0,0.0,0.0,0.0,0.0,0.0,0.0,0.0,0.0,0.0,0.0,0.0,0.0,0.0,0.0,0.0,0.0,0.0,0.0,0.0,0.0,0.0,0.0,0.0
food beverage and tobacco 10T12,0.0,0.0,0.0,0.0,0.0,0.0,0.0,0.0,0.0,0.0,0.0,0.0,0.0,0.0,0.0,0.0,0.0,0.0,0.0,0.0,0.0,0.0,0.0,0.0,0.0,0.0,0.0,0.0,0.0,0.0,0.0,0.0,0.0,0.0,0.0,0.0
textiles apparel and leather 13T15,0.0,0.0,0.0,0.0,0.0,0.0,0.0,0.0,0.0,0.0,0.0,0.0,0.0,0.0,0.0,0.0,0.0,0.0,0.0,0.0,0.0,0.0,0.0,0.0,0.0,0.0,0.0,0.0,0.0,0.0,0.0,0.0,0.0,0.0,0.0,0.0
wood products 16,0.0,0.0,0.0,0.0,0.0,0.0,0.0,0.0,0.0,0.0,0.0,0.0,0.0,0.0,0.0,0.0,0.0,0.0,0.0,0.0,0.0,0.0,0.0,0.0,0.0,0.0,0.0,0.0,0.0,0.0,0.0,0.0,0.0,0.0,0.0,0.0
pulp paper and printing 17T18,0.0,0.0,0.0,0.0,0.0,25583558.677978087,25952148.550724637,27496154.616828237,28493351.281559106,28206658.17027991,28182821.55632444,28290548.943206374,28268399.666986115,28387326.753141165,28581195.540356465,28727167.767216332,29013742.392060943,29290521.3816684,29458016.987803265,29671209.76083797,29876600.149437472,29936589.99994762,30050015.205309793,30339547.468324143,30356469.62429573,30631915.422829457,31020297.502308838,31315041.140889417,31537438.45263572,31656680.698502228,31757962.533859994,31867997.32297209,31861838.007102374,31909583.26866619,31997475.91441091,32102330.45137191
refined petroleum and coke 19,0.0,0.0,0.0,0.0,0.0,543749936.9138008,545309324.4752121,546990862.7429082,505968643.9515207,662023292.3534429,695734513.6494412,735120075.657286,765482624.8759066,760469404.3309746,744477024.6834978,740269536.5959625,729821110.2923388,748442202.3080299,752678459.1703284,751410603.8461051,764684363.3646624,765969802.6797469,774824092.2591699,766315705.2926562,766893997.9331236,768242856.7684487,760542479.9799963,767488365.4283891,764314334.942552,769365877.7175076,771785757.8441164,828475218.5121744,828084894.9158376,792777524.5729017,771225956.7091762,779043394.5803862
chemicals 20,0.0,0.0,0.0,0.0,0.0,239904692.9060137,191293531.01783076,180071632.85607433,195906355.69621763,216162510.81427845,194926351.0455816,180253324.63563097,186761684.9020853,194088615.53169224,201429575.58443552,208126968.30928823,212948862.85650185,217630229.20044988,224151418.9612029,229431955.00561422,234063223.1409391,240305528.44947854,246260705.76501414,251098553.97902447,254523049.76443067,258567475.20868516,262872518.1459085,271191181.8301599,279534075.09781486,285933142.39175737,293137808.10897565,296489501.86015683,297854100.1861526,299112153.76548404,303703975.3536096,309615594.44811136
rubber and plastic products 22,0.0,0.0,0.0,0.0,0.0,0.0,0.0,0.0,0.0,0.0,0.0,0.0,0.0,0.0,0.0,0.0,0.0,0.0,0.0,0.0,0.0,0.0,0.0,0.0,0.0,0.0,0.0,0.0,0.0,0.0,0.0,0.0,0.0,0.0,0.0,0.0
glass and glass products 231,0.0,0.0,0.0,0.0,0.0,0.0,0.0,0.0,0.0,0.0,0.0,0.0,0.0,0.0,0.0,0.0,0.0,0.0,0.0,0.0,0.0,0.0,0.0,0.0,0.0,0.0,0.0,0.0,0.0,0.0,0.0,0.0,0.0,0.0,0.0,0.0
cement and other nonmetallic minerals 239,0.0,0.0,0.0,0.0,0.0,985583144.6267521,1031392215.5818754,983390750.0,1025155154.9851925,1166372835.1693523,1061522819.2379329,982702573.5053157,933934858.5801055,894104105.5489162,882075854.1421409,868440718.9810624,856311968.497882,845427362.1909753,701339806.988783,674584300.4176155,644781070.9283825,616314714.7603446,598633607.658283,583654052.2908798,559428865.9824207,543832084.7708693,526894666.34559363,512274618.13949317,501313788.66248804,493206399.1725356,480469239.8626928,472299037.00953627,464966712.21066064,457162738.1344864,451638927.2616104,447525126.3835601
iron and steel 241,0.0,0.0,0.0,0.0,0.0,100069962.37998253,101225129.29880708,119403148.32032576,116230050.45871559,112678626.93172818,105151315.9094561,94598443.35623366,90659492.42841312,91916105.1967745,92218110.8778914,91153301.58563614,89186144.98005496,85872141.30428596,85874954.84693684,87335134.36422111,87733110.49971697,88655038.9083933,89632803.06373532,90471353.0006287,91557590.94083133,92341070.93790781,92607151.74984787,93528414.6942718,95248906.48241772,96248441.37713723,96548913.84128691,96267558.55317684,95132758.36400178,93830660.84158956,93886709.6499367,94764291.78234617
other metals 242,0.0,0.0,0.0,0.0,0.0,0.0,0.0,0.0,0.0,0.0,0.0,0.0,0.0,0.0,0.0,0.0,0.0,0.0,0.0,0.0,0.0,0.0,0.0,0.0,0.0,0.0,0.0,0.0,0.0,0.0,0.0,0.0,0.0,0.0,0.0,0.0
metal products except machinery and vehicles 25,0.0,0.0,0.0,0.0,0.0,0.0,0.0,0.0,0.0,0.0,0.0,0.0,0.0,0.0,0.0,0.0,0.0,0.0,0.0,0.0,0.0,0.0,0.0,0.0,0.0,0.0,0.0,0.0,0.0,0.0,0.0,0.0,0.0,0.0,0.0,0.0
computers and electronics 26,0.0,0.0,0.0,0.0,0.0,0.0,0.0,0.0,0.0,0.0,0.0,0.0,0.0,0.0,0.0,0.0,0.0,0.0,0.0,0.0,0.0,0.0,0.0,0.0,0.0,0.0,0.0,0.0,0.0,0.0,0.0,0.0,0.0,0.0,0.0,0.0
appliances and electrical equipment 27,0.0,0.0,0.0,0.0,0.0,0.0,0.0,0.0,0.0,0.0,0.0,0.0,0.0,0.0,0.0,0.0,0.0,0.0,0.0,0.0,0.0,0.0,0.0,0.0,0.0,0.0,0.0,0.0,0.0,0.0,0.0,0.0,0.0,0.0,0.0,0.0
other machinery 28,0.0,0.0,0.0,0.0,0.0,0.0,0.0,0.0,0.0,0.0,0.0,0.0,0.0,0.0,0.0,0.0,0.0,0.0,0.0,0.0,0.0,0.0,0.0,0.0,0.0,0.0,0.0,0.0,0.0,0.0,0.0,0.0,0.0,0.0,0.0,0.0
road vehicles 29,0.0,0.0,0.0,0.0,0.0,0.0,0.0,0.0,0.0,0.0,0.0,0.0,0.0,0.0,0.0,0.0,0.0,0.0,0.0,0.0,0.0,0.0,0.0,0.0,0.0,0.0,0.0,0.0,0.0,0.0,0.0,0.0,0.0,0.0,0.0,0.0
nonroad vehicles 30,0.0,0.0,0.0,0.0,0.0,0.0,0.0,0.0,0.0,0.0,0.0,0.0,0.0,0.0,0.0,0.0,0.0,0.0,0.0,0.0,0.0,0.0,0.0,0.0,0.0,0.0,0.0,0.0,0.0,0.0,0.0,0.0,0.0,0.0,0.0,0.0
other manufacturing 31T33,0.0,0.0,0.0,0.0,0.0,3848696.9404171077,3880884.5136797917,4219704.308861398,4587945.1839209255,4513377.631573261,4391034.784962181,4328898.068762197,4319975.038451916,4335603.311168503,4400519.203411908,4479912.364462836,4557443.536997123,4688587.226395798,4800334.237466163,4916442.600083237,5015271.830456495,5074959.66409183,5151143.397495622,5263042.8282747315,5331720.137065552,5434540.041648045,5535042.720767179,5620081.225660725,5687593.201988684,5753763.092784586,5830629.868425011,5963235.739607075,6046196.475345794,6117864.791322053,6197166.848646671,6278532.123014195
energy pipelines and gas processing 352T353,0.0,0.0,0.0,0.0,0.0,165534795.042898,164903589.13250715,190258744.617423,208043888.88888887,238923871.68746302,243348893.2621443,244735849.30770177,260768737.958323,280911348.7096875,284066607.66927886,288610400.832857,285267220.4035422,279345549.4334129,269325678.2393515,262612273.22932974,259873547.32364675,259605329.87075293,259832433.12994948,256626164.95874274,257797916.57011423,256547955.5297491,253916316.82348537,253676789.43802956,255114045.7182606,256353274.1680833,257751190.34946603,258614563.70076022,256897831.19331655,255830268.30577472,257100764.51278046,259968247.34484532
water and waste 36T39,0.0,0.0,0.0,0.0,0.0,0.0,0.0,0.0,0.0,0.0,0.0,0.0,0.0,0.0,0.0,0.0,0.0,0.0,0.0,0.0,0.0,0.0,0.0,0.0,0.0,0.0,0.0,0.0,0.0,0.0,0.0,0.0,0.0,0.0,0.0,0.0
construction 41T43,0.0,0.0,0.0,0.0,0.0,0.0,0.0,0.0,0.0,0.0,0.0,0.0,0.0,0.0,0.0,0.0,0.0,0.0,0.0,0.0,0.0,0.0,0.0,0.0,0.0,0.0,0.0,0.0,0.0,0.0,0.0,0.0,0.0,0.0,0.0,0.0
