Unit: incidents / ton pollutant,2024.0,2025.0,2026.0,2027.0,2028.0,2029.0,2030.0,2031.0,2032.0,2033.0,2034.0,2035.0,2036.0,2037.0,2038.0,2039.0,2040.0,2041.0,2042.0,2043.0,2044.0,2045.0,2046.0,2047.0,2048.0,2049.0,2050.0
Premature mortality,8.08587e-05,8.2048e-05,8.32373e-05,8.44267e-05,8.5616e-05,8.77513e-05,8.98865e-05,9.12665e-05,9.26464e-05,9.40263e-05,9.54062e-05,9.67862e-05,9.78086e-05,9.88311e-05,9.98536e-05,0.000100876,0.000101899,0.000102363,0.000102828,0.000103293,0.000103758,0.000104223,0.000104239,0.000104256,0.000104272,0.000104288,0.000104305
Infant mortality,1.83893e-07,1.82146e-07,1.804e-07,1.78653e-07,1.76906e-07,1.17419e-07,5.79323e-08,5.7523e-08,5.71137e-08,5.67045e-08,5.62952e-08,5.58859e-08,5.56147e-08,5.53435e-08,5.50723e-08,5.48011e-08,5.45299e-08,5.42037e-08,5.38775e-08,5.35512e-08,5.3225e-08,5.28988e-08,5.25536e-08,5.22084e-08,5.18632e-08,5.1518e-08,5.11729e-08
Asthma symptoms albuturol use,0.531943,0.537127,0.54231,0.547494,0.552677,0.558675,0.564672,0.568806,0.57294,0.577074,0.581208,0.585342,0.586775,0.588208,0.589641,0.591074,0.592507,0.594386,0.596265,0.598144,0.600023,0.601902,0.604017,0.606133,0.608248,0.610363,0.612479
Asthma symptoms chest tightness,0.875378,0.887358,0.899338,0.911318,0.923297,0.932872,0.942446,0.945759,0.949072,0.952386,0.955699,0.959012,0.962843,0.966675,0.970506,0.974337,0.978168,0.983172,0.988176,0.993179,0.998183,1.00319,1.00784,1.01248,1.01713,1.02178,1.02643
Asthma symptoms cough,0.000215213,0.000218158,0.000221103,0.000224048,0.000226994,0.000229347,0.000231701,0.000232516,0.00023333,0.000234145,0.00023496,0.000235774,0.000236716,0.000237658,0.0002386,0.000239542,0.000240484,0.000241714,0.000242944,0.000244174,0.000245404,0.000246634,0.000247777,0.00024892,0.000250063,0.000251206,0.000252349
Asthma symptoms shortness of breath,0.000289815,0.000293781,0.000297748,0.000301714,0.00030568,0.00030885,0.00031202,0.000313117,0.000314213,0.00031531,0.000316407,0.000317504,0.000318773,0.000320041,0.00032131,0.000322578,0.000323846,0.000325503,0.00032716,0.000328816,0.000330473,0.000332129,0.000333669,0.000335208,0.000336747,0.000338286,0.000339825
Asthma symptoms wheeze,0.000442788,0.000448847,0.000454907,0.000460967,0.000467026,0.000471869,0.000476712,0.000478388,0.000480064,0.00048174,0.000483416,0.000485092,0.00048703,0.000488968,0.000490906,0.000492843,0.000494781,0.000497312,0.000499843,0.000502374,0.000504905,0.000507436,0.000509788,0.000512139,0.000514491,0.000516843,0.000519194
Asthma incidence,0.0236677,0.0238174,0.0239672,0.0241169,0.0242666,0.0244143,0.0245621,0.0246943,0.0248264,0.0249586,0.0250908,0.0252229,0.0253433,0.0254636,0.025584,0.0257044,0.0258247,0.0259359,0.0260471,0.0261583,0.0262695,0.0263806,0.0264831,0.0265856,0.026688,0.0267905,0.026893
Hay fever rhinitis incidence,0.15206,0.153494,0.154928,0.156363,0.157797,0.159373,0.16095,0.162169,0.163388,0.164607,0.165826,0.167045,0.167696,0.168346,0.168997,0.169648,0.170299,0.171039,0.171779,0.172519,0.173259,0.173999,0.174763,0.175528,0.176292,0.177056,0.17782
Respiratory emergency room visits,0.00914827,0.00923795,0.00932763,0.00941732,0.009507,0.00959978,0.00969256,0.0097801,0.00986764,0.00995519,0.0100427,0.0101303,0.0102047,0.0102792,0.0103537,0.0104281,0.0105026,0.0105667,0.0106308,0.0106949,0.010759,0.0108231,0.0108829,0.0109427,0.0110024,0.0110622,0.011122
Respiratory hospital admissions,5.24911e-06,5.38025e-06,5.5114e-06,5.64255e-06,5.77369e-06,5.89907e-06,6.02445e-06,6.13096e-06,6.23746e-06,6.34397e-06,6.45048e-06,6.55698e-06,6.62818e-06,6.69938e-06,6.77058e-06,6.84178e-06,6.91298e-06,6.95115e-06,6.98933e-06,7.0275e-06,7.06568e-06,7.10385e-06,7.12998e-06,7.15612e-06,7.18225e-06,7.20838e-06,7.23451e-06
Non-fatal heart attacks,2.49219e-05,2.56348e-05,2.63478e-05,2.70608e-05,2.77737e-05,2.84401e-05,2.91065e-05,2.96323e-05,3.0158e-05,3.06838e-05,3.12095e-05,3.17353e-05,3.20517e-05,3.23681e-05,3.26845e-05,3.30009e-05,3.33173e-05,3.34611e-05,3.36049e-05,3.37487e-05,3.38925e-05,3.40363e-05,3.41325e-05,3.42286e-05,3.43248e-05,3.4421e-05,3.45172e-05
Minor restricted activity days,0.0247127,0.024751,0.0247894,0.0248277,0.0248661,0.024935,0.0250039,0.0251382,0.0252725,0.0254068,0.0255412,0.0256755,0.0258676,0.0260598,0.026252,0.0264441,0.0266363,0.0268284,0.0270205,0.0272126,0.0274047,0.0275968,0.0277593,0.0279218,0.0280842,0.0282467,0.0284092
Work loss days,0.00419624,0.00420564,0.00421505,0.00422446,0.00423386,0.00424757,0.00426127,0.00428343,0.00430559,0.00432775,0.00434991,0.00437207,0.0044009,0.00442973,0.00445856,0.00448739,0.00451622,0.00454835,0.00458048,0.0046126,0.00464473,0.00467686,0.00470475,0.00473264,0.00476054,0.00478843,0.00481632
Lung cancer incidence,8.07267e-05,8.22531e-05,8.37796e-05,8.5306e-05,8.68325e-05,8.84608e-05,9.00891e-05,9.18236e-05,9.35582e-05,9.52927e-05,9.70273e-05,9.87618e-05,0.00010018,0.000101599,0.000103017,0.000104435,0.000105854,0.000106476,0.000107098,0.000107721,0.000108343,0.000108965,0.000109187,0.000109409,0.00010963,0.000109852,0.000110073
Cardiovascular hospital admissions,5.52316e-06,5.68554e-06,5.84792e-06,6.0103e-06,6.17268e-06,6.32694e-06,6.4812e-06,6.611e-06,6.74079e-06,6.87059e-06,7.00038e-06,7.13017e-06,7.21136e-06,7.29255e-06,7.37374e-06,7.45494e-06,7.53613e-06,7.57322e-06,7.61032e-06,7.64742e-06,7.68452e-06,7.72162e-06,7.7423e-06,7.76297e-06,7.78365e-06,7.80433e-06,7.82501e-06
Alzheimers disease hospital admissions,0.000582076,0.000600895,0.000619714,0.000638534,0.000657353,0.000677249,0.000697146,0.00071687,0.000736595,0.000756319,0.000776043,0.000795768,0.000809436,0.000823104,0.000836773,0.000850441,0.000864109,0.000870009,0.000875908,0.000881808,0.000887708,0.000893607,0.000894582,0.000895556,0.000896531,0.000897506,0.00089848
Parkinsons disease hospital admissions,7.71308e-05,7.91114e-05,8.10919e-05,8.30724e-05,8.5053e-05,8.66822e-05,8.83113e-05,8.93394e-05,9.03674e-05,9.13955e-05,9.24235e-05,9.34516e-05,9.38859e-05,9.43202e-05,9.47546e-05,9.51889e-05,9.56232e-05,9.58279e-05,9.60327e-05,9.62374e-05,9.64421e-05,9.66468e-05,9.69917e-05,9.73366e-05,9.76815e-05,9.80264e-05,9.83713e-05
Stroke incidence,6.95199e-05,7.13209e-05,7.31218e-05,7.49227e-05,7.67237e-05,7.81852e-05,7.96467e-05,8.05059e-05,8.1365e-05,8.22242e-05,8.30833e-05,8.39425e-05,8.42789e-05,8.46154e-05,8.49518e-05,8.52882e-05,8.56247e-05,8.57615e-05,8.58984e-05,8.60353e-05,8.61721e-05,8.6309e-05,8.66274e-05,8.69458e-05,8.72641e-05,8.75825e-05,8.79009e-05
Out of hospital cardiac arrest incidence,1.63657e-05,1.65979e-05,1.683e-05,1.70622e-05,1.72943e-05,1.75088e-05,1.77232e-05,1.78886e-05,1.8054e-05,1.82193e-05,1.83847e-05,1.85501e-05,1.86551e-05,1.87602e-05,1.88652e-05,1.89703e-05,1.90753e-05,1.91545e-05,1.92336e-05,1.93127e-05,1.93919e-05,1.9471e-05,1.95592e-05,1.96473e-05,1.97355e-05,1.98237e-05,1.99118e-05
Cardiac emergency room visits,0.000349756,0.000355937,0.000362119,0.000368301,0.000374483,0.000380502,0.000386522,0.000392271,0.000398019,0.000403768,0.000409516,0.000415265,0.000419693,0.000424121,0.000428549,0.000432977,0.000437406,0.00044024,0.000443075,0.000445909,0.000448744,0.000451578,0.000453529,0.000455479,0.000457429,0.00045938,0.00046133
School loss days,1.97029,1.99103,2.01176,2.0325,2.05323,2.07639,2.09955,2.11689,2.13423,2.15157,2.16892,2.18626,2.19456,2.20286,2.21116,2.21946,2.22776,2.2378,2.24784,2.25787,2.26791,2.27795,2.28857,2.29918,2.3098,2.32042,2.33104
,,,,,,,,,,,,,,,,,,,,,,,,,,,
Data for lookup functions (based on sheet name),,,,,,,,,,,,,,,,,,,,,,,,,,,
sector pollutant,buildings NO2,,,,,,,,,,,,,,,,,,,,,,,,,,
